<!--
    Input:
        device/samsung/essi/framework_compatibility_matrix.xml
        vendor/samsung/external/sem/hidl/1.0/framework_compatibility_matrix.xml
        vendor/samsung/external/sem/secure_element/1.2/framework_compatibility_matrix.xml
        vendor/samsung/external/skpm/hidl/1.0/framework_compatibility_matrix.xml
        vendor/samsung/interfaces/media/mpp/aidl/framework_compatibility_matrix.xml
        vendor/samsung/interfaces/security/engmode/1.0/framework_compatibility_matrix.xml
        vendor/samsung/interfaces/tlc/ddar/1.0/vendor.samsung.hardware.tlc.ddar@1.0-matrix.xml
        vendor/samsung/interfaces/hyper/aidl/framework_compatibility_matrix.xml
        vendor/samsung/interfaces/bluetooth/aidl/framework_compatibility_matrix.xml
        vendor/samsung/interfaces/wifi/aidl/framework_compatibility_matrix.xml
        vendor/samsung/interfaces/authfw/1.0/vendor.samsung.hardware.authfw@1.0-matrix.xml
        vendor/samsung/interfaces/authfw/aidl/vendor.samsung.hardware.authfw-matrix.xml
        vendor/samsung/interfaces/biometrics/face/3.0/face_compatibility_matrix.xml
        vendor/samsung/interfaces/biometrics/fingerprint/3.0/fingerprint_compatibility_matrix.xml
        vendor/samsung/interfaces/sysinput/aidl/framework_compatibility_matrix.xml
        vendor/samsung/interfaces/tlc/kg/1.1/vendor.samsung.hardware.tlc.kg@1.1-matrix.xml
        vendor/samsung/system/security/drk/drk_hidl_framework_compatibility_matrix.xml
        vendor/samsung/interfaces/tlc/payment/1.0/tlc_payment_compatibility_matrix.xml
        vendor/samsung/interfaces/tlc/blockchain/1.0/tlc_blockchain_compatibility_matrix.xml
        vendor/samsung/interfaces/tlc/iccc/1.0/vendor.samsung.hardware.tlc.iccc@1.0-matrix.xml
        vendor/samsung/interfaces/tlc/mpos_tui/1.0/vendor.samsung.hardware.tlc.mpos_tui@1.0-matrix.xml
        vendor/samsung/interfaces/tlc/snap/1.0/vendor.samsung.hardware.tlc.snap@1.0-matrix.xml
        vendor/samsung/interfaces/tlc/hdm/1.1/vendor.samsung.hardware.tlc.hdm@1.1-matrix.xml
        vendor/samsung/interfaces/hyper/aidl/framework_compatibility_matrix.xml
        vendor/samsung/interfaces/thermal/1.0/framework_compatibility_matrix.xml
        vendor/samsung/interfaces/light/aidl/framework_compatibility_matrix.xml
        vendor/samsung/interfaces/miscpower/2.0/framework_compatibility_matrix.xml
        vendor/samsung/interfaces/vibrator/aidl/framework_compatibility_matrix.xml
        vendor/samsung/interfaces/audio/framework_compatibility_matrix.xml
        vendor/samsung/interfaces/security/widevine/keyprov/aidl/framework_compatibility_matrix.xml
        vendor/samsung/interfaces/security/widevine/keyprov/aidl/framework_compatibility_matrix.xml
        vendor/samsung/interfaces/security/hdcp/wifidisplay/aidl/framework_compatibility_matrix.xml
        vendor/samsung/interfaces/tlc/ucm/2.0/framework_compatibility_matrix.xml
        vendor/samsung/interfaces/security/wsm/service/aidl/framework_compatibility_matrix.xml
        vendor/samsung/interfaces/security/vaultkeeper/2.0/framework_compatibility_matrix.xml
        vendor/samsung/interfaces/security/fkeymaster/aidl/fkeymaster_framework_compatibility_matrix.xml
        vendor/samsung/interfaces/security/ssu/aidl/framework_compatibility_matrix.xml
        vendor/samsung/interfaces/bluetooth/audio/aidl/framework_compatibility_matrix.xml
        vendor/samsung/interfaces/nfc/2.0/device_framework_compatibility_matrix.xml
        vendor/samsung/hardware/ril/URC/fcm/radio_framework_compatibility_matrix.xml
-->
<compatibility-matrix version="7.0" type="framework">
    <hal format="hidl" optional="true">
        <name>android.hardware.biometrics.face</name>
        <version>1.0</version>
        <interface>
            <name>IBiometricsFace</name>
            <instance>default</instance>
        </interface>
    </hal>
    <hal format="hidl" optional="false">
        <name>android.hardware.bluetooth</name>
        <version>1.1</version>
        <interface>
            <name>IBluetoothHci</name>
            <instance>default</instance>
        </interface>
    </hal>
    <hal format="hidl" optional="true">
        <name>android.hardware.boot</name>
        <version>1.2</version>
        <interface>
            <name>IBootControl</name>
            <instance>default</instance>
        </interface>
    </hal>
    <hal format="aidl" optional="true">
        <name>android.hardware.boot</name>
        <interface>
            <name>IBootControl</name>
            <instance>default</instance>
        </interface>
    </hal>
    <hal format="aidl" optional="true">
        <name>android.hardware.camera.provider</name>
        <interface>
            <name>ICameraProvider</name>
            <instance>internal/0</instance>
        </interface>
    </hal>
    <hal format="aidl" optional="true">
        <name>android.hardware.graphics.extension.composer3</name>
        <interface>
            <name>ICustomComposer</name>
            <instance>default</instance>
        </interface>
    </hal>
    <hal format="aidl" optional="true">
        <name>android.hardware.light</name>
        <interface>
            <name>ILights</name>
            <instance>default</instance>
        </interface>
    </hal>
    <hal format="aidl" optional="true">
        <name>android.hardware.light</name>
        <interface>
            <name>ILights</name>
            <instance>default</instance>
        </interface>
    </hal>
    <hal format="hidl" optional="true">
        <name>android.hardware.nfc</name>
        <version>1.2</version>
        <interface>
            <name>INfc</name>
            <instance>default</instance>
        </interface>
    </hal>
    <hal format="aidl" optional="true">
        <name>android.hardware.power</name>
        <version>4</version>
        <interface>
            <name>IPower</name>
            <instance>default</instance>
        </interface>
    </hal>
    <hal format="hidl" optional="true">
        <name>android.hardware.radio</name>
        <version>1.2</version>
        <interface>
            <name>IRadio</name>
            <instance>slot1</instance>
        </interface>
        <interface>
            <name>ISap</name>
            <instance>slot2</instance>
        </interface>
    </hal>
    <hal format="hidl" optional="true">
        <name>android.hardware.radio</name>
        <version>1.2</version>
        <interface>
            <name>ISap</name>
            <instance>slot1</instance>
            <instance>slot2</instance>
        </interface>
    </hal>
    <hal format="hidl" optional="true">
        <name>android.hardware.secure_element</name>
        <version>1.2</version>
        <interface>
            <name>ISecureElement</name>
            <instance>eSE1</instance>
        </interface>
    </hal>
    <hal format="aidl" optional="true">
        <name>android.hardware.vibrator</name>
        <interface>
            <name>IVibrator</name>
            <instance>default</instance>
        </interface>
    </hal>
    <hal format="hidl" optional="true">
        <name>vendor.samsung.hardware.audio</name>
        <version>1.0</version>
        <interface>
            <name>ISehDevicesFactory</name>
            <instance>default</instance>
        </interface>
    </hal>
    <hal format="hidl" optional="true">
        <name>vendor.samsung.hardware.authfw</name>
        <version>1.0</version>
        <interface>
            <name>ISehAuthenticationFramework</name>
            <instance>default</instance>
        </interface>
    </hal>
    <hal format="aidl" optional="true">
        <name>vendor.samsung.hardware.authfw</name>
        <interface>
            <name>ISehAuthenticationFramework</name>
            <instance>default</instance>
        </interface>
    </hal>
    <hal format="hidl" optional="true">
        <name>vendor.samsung.hardware.biometrics.face</name>
        <version>3.0</version>
        <version>2.0</version>
        <interface>
            <name>ISehBiometricsFace</name>
            <instance>default</instance>
        </interface>
    </hal>
    <hal format="hidl" optional="true">
        <name>vendor.samsung.hardware.biometrics.fingerprint</name>
        <version>3.0</version>
        <interface>
            <name>ISehBiometricsFingerprint</name>
            <instance>default</instance>
        </interface>
    </hal>
    <hal format="hidl" optional="false">
        <name>vendor.samsung.hardware.bluetooth</name>
        <version>2.0</version>
        <interface>
            <name>ISehBluetooth</name>
            <instance>default</instance>
        </interface>
    </hal>
    <hal format="aidl" optional="true">
        <name>vendor.samsung.hardware.bluetooth</name>
        <interface>
            <name>ISehBluetooth</name>
            <instance>default</instance>
        </interface>
    </hal>
    <hal format="aidl" optional="true">
        <name>vendor.samsung.hardware.bluetooth.audio</name>
        <version>1-2</version>
        <interface>
            <name>ISehBluetoothAudioProviderFactory</name>
            <instance>default</instance>
        </interface>
    </hal>
    <hal format="aidl" optional="true">
        <name>vendor.samsung.hardware.gnss</name>
        <interface>
            <name>ISlsiGnss</name>
            <instance>default</instance>
        </interface>
    </hal>
    <hal format="aidl" optional="true">
        <name>vendor.samsung.hardware.gnss</name>
        <interface>
            <name>ISlsiGnss</name>
            <instance>default</instance>
        </interface>
    </hal>
    <hal format="aidl" optional="true">
        <name>vendor.samsung.hardware.hyper</name>
        <version>2</version>
        <interface>
            <name>ISehHyPer</name>
            <instance>default</instance>
        </interface>
    </hal>
    <hal format="aidl" optional="true">
        <name>vendor.samsung.hardware.hyper</name>
        <version>2</version>
        <interface>
            <name>ISehHyPer</name>
            <instance>default</instance>
        </interface>
    </hal>
    <hal format="aidl" optional="true">
        <name>vendor.samsung.hardware.media.mpp</name>
        <interface>
            <name>ISehMppStore</name>
            <instance>default</instance>
        </interface>
    </hal>
    <hal format="hidl" optional="true">
        <name>vendor.samsung.hardware.miscpower</name>
        <version>2.0</version>
        <interface>
            <name>ISehMiscPower</name>
            <instance>default</instance>
        </interface>
    </hal>
    <hal format="hidl" optional="true">
        <name>vendor.samsung.hardware.nfc</name>
        <version>2.0</version>
        <interface>
            <name>ISehNfc</name>
            <instance>default</instance>
        </interface>
    </hal>
    <hal format="hidl" optional="true">
        <name>vendor.samsung.hardware.radio</name>
        <version>2.2</version>
        <interface>
            <name>ISehRadio</name>
            <instance>slot1</instance>
            <instance>slot2</instance>
        </interface>
    </hal>
    <hal format="hidl" optional="true">
        <name>vendor.samsung.hardware.radio.bridge</name>
        <version>2.0</version>
        <interface>
            <name>ISehBridge</name>
            <instance>slot1</instance>
            <instance>slot2</instance>
        </interface>
    </hal>
    <hal format="aidl" optional="true">
        <name>vendor.samsung.hardware.radio.bridge</name>
        <interface>
            <name>ISehRadioBridge</name>
            <instance>slot1</instance>
            <instance>slot2</instance>
        </interface>
    </hal>
    <hal format="hidl" optional="true">
        <name>vendor.samsung.hardware.radio.channel</name>
        <version>2.0</version>
        <interface>
            <name>ISehChannel</name>
            <instance>epdgd</instance>
            <instance>epdgd2</instance>
            <instance>imsd</instance>
            <instance>imsd2</instance>
        </interface>
    </hal>
    <hal format="aidl" optional="true">
        <name>vendor.samsung.hardware.radio.channel</name>
        <interface>
            <name>ISehRadioChannel</name>
            <instance>epdgd</instance>
            <instance>epdgd2</instance>
            <instance>imsd</instance>
            <instance>imsd2</instance>
        </interface>
    </hal>
    <hal format="aidl" optional="true">
        <name>vendor.samsung.hardware.radio.data</name>
        <interface>
            <name>ISehRadioData</name>
            <instance>slot1</instance>
            <instance>slot2</instance>
        </interface>
    </hal>
    <hal format="aidl" optional="true">
        <name>vendor.samsung.hardware.radio.messaging</name>
        <version>1-2</version>
        <interface>
            <name>ISehRadioMessaging</name>
            <instance>slot1</instance>
            <instance>slot2</instance>
        </interface>
    </hal>
    <hal format="aidl" optional="true">
        <name>vendor.samsung.hardware.radio.network</name>
        <interface>
            <name>ISehRadioNetwork</name>
            <instance>slot1</instance>
            <instance>slot2</instance>
        </interface>
    </hal>
    <hal format="aidl" optional="true">
        <name>vendor.samsung.hardware.radio.sim</name>
        <interface>
            <name>ISehRadioSim</name>
            <instance>slot1</instance>
            <instance>slot2</instance>
        </interface>
    </hal>
    <hal format="hidl" optional="true">
        <name>vendor.samsung.hardware.security.drk</name>
        <version>2.0</version>
        <interface>
            <name>ISehDrk</name>
            <instance>default</instance>
        </interface>
    </hal>
    <hal format="hidl" optional="true">
        <name>vendor.samsung.hardware.security.engmode</name>
        <version>1.0</version>
        <interface>
            <name>ISehEngmode</name>
            <instance>default</instance>
        </interface>
    </hal>
    <hal format="aidl" optional="true">
        <name>vendor.samsung.hardware.security.fkeymaster</name>
        <interface>
            <name>ISehFkeymaster</name>
            <instance>default</instance>
        </interface>
    </hal>
    <hal format="aidl" optional="true">
        <name>vendor.samsung.hardware.security.hdcp.wifidisplay</name>
        <version>1-2</version>
        <interface>
            <name>ISehHdcp</name>
            <instance>default</instance>
        </interface>
    </hal>
    <hal format="hidl" optional="true">
        <name>vendor.samsung.hardware.security.sem</name>
        <version>1.0</version>
        <interface>
            <name>ISehSem</name>
            <instance>default</instance>
        </interface>
    </hal>
    <hal format="hidl" optional="true">
        <name>vendor.samsung.hardware.security.skpm</name>
        <version>1.0</version>
        <interface>
            <name>ISehSkpm</name>
            <instance>default</instance>
        </interface>
    </hal>
    <hal format="aidl" optional="true">
        <name>vendor.samsung.hardware.security.ssu</name>
        <interface>
            <name>ISehSSUTEECL</name>
            <instance>default</instance>
        </interface>
    </hal>
    <hal format="aidl" optional="true">
        <name>vendor.samsung.hardware.security.widevine.keyprov</name>
        <interface>
            <name>ISehWidevineKeyProv</name>
            <instance>default</instance>
        </interface>
    </hal>
    <hal format="aidl" optional="true">
        <name>vendor.samsung.hardware.security.widevine.keyprov</name>
        <interface>
            <name>ISehWidevineKeyProv</name>
            <instance>default</instance>
        </interface>
    </hal>
    <hal format="aidl" optional="true">
        <name>vendor.samsung.hardware.sysinput</name>
        <version>2</version>
        <interface>
            <name>ISehSysInputCallback</name>
        </interface>
        <interface>
            <name>ISehSysInputDev</name>
            <instance>default</instance>
        </interface>
    </hal>
    <hal format="hidl" optional="true">
        <name>vendor.samsung.hardware.thermal</name>
        <version>1.0</version>
        <interface>
            <name>ISehThermal</name>
            <instance>default</instance>
        </interface>
    </hal>
    <hal format="hidl" optional="true">
        <name>vendor.samsung.hardware.tlc.blockchain</name>
        <version>1.0</version>
        <interface>
            <name>ISehBlockchain</name>
            <instance>default</instance>
        </interface>
    </hal>
    <hal format="hidl" optional="true">
        <name>vendor.samsung.hardware.tlc.ddar</name>
        <version>1.0</version>
        <interface>
            <name>ISehDdar</name>
            <instance>default</instance>
        </interface>
    </hal>
    <hal format="hidl" optional="true">
        <name>vendor.samsung.hardware.tlc.hdm</name>
        <version>1.1</version>
        <interface>
            <name>ISehHdm</name>
            <instance>default</instance>
        </interface>
    </hal>
    <hal format="hidl" optional="true">
        <name>vendor.samsung.hardware.tlc.iccc</name>
        <version>1.0</version>
        <interface>
            <name>ISehIccc</name>
            <instance>default</instance>
        </interface>
    </hal>
    <hal format="hidl" optional="true">
        <name>vendor.samsung.hardware.tlc.kg</name>
        <version>1.1</version>
        <interface>
            <name>ISehKg</name>
            <instance>default</instance>
        </interface>
    </hal>
    <hal format="hidl" optional="true">
        <name>vendor.samsung.hardware.tlc.mpos_tui</name>
        <version>1.0</version>
        <interface>
            <name>ISehMposTui</name>
            <instance>default</instance>
        </interface>
    </hal>
    <hal format="hidl" optional="true">
        <name>vendor.samsung.hardware.tlc.payment</name>
        <version>1.0</version>
        <interface>
            <name>ISehTlcPayment</name>
            <instance>default</instance>
        </interface>
    </hal>
    <hal format="hidl" optional="true">
        <name>vendor.samsung.hardware.tlc.snap</name>
        <version>1.0</version>
        <interface>
            <name>ISehSnapSec</name>
            <instance>default</instance>
        </interface>
    </hal>
    <hal format="hidl" optional="true">
        <name>vendor.samsung.hardware.tlc.ucm</name>
        <version>2.0</version>
        <interface>
            <name>ISehUcm</name>
            <instance>default</instance>
        </interface>
    </hal>
    <hal format="aidl" optional="true">
        <name>vendor.samsung.hardware.wifi</name>
        <interface>
            <name>ISehWifi</name>
            <instance>default</instance>
        </interface>
    </hal>
    <hal format="hidl" optional="true">
        <name>vendor.samsung_slsi.hardware.ExynosA2DPOffload</name>
        <version>1.0</version>
        <interface>
            <name>IExynosA2DPOffload</name>
            <instance>default</instance>
        </interface>
    </hal>
    <hal format="hidl" optional="true">
        <name>vendor.samsung_slsi.hardware.ExynosHWCServiceTW</name>
        <version>1.0</version>
        <interface>
            <name>IExynosHWCServiceTW</name>
            <instance>default</instance>
        </interface>
    </hal>
    <hal format="hidl" optional="true">
        <name>vendor.samsung_slsi.hardware.SbwcDecompService</name>
        <version>1.0</version>
        <interface>
            <name>ISbwcDecompService</name>
            <instance>default</instance>
        </interface>
    </hal>
    <hal format="hidl" optional="true">
        <name>vendor.samsung_slsi.hardware.audio_dump</name>
        <version>1.0</version>
        <interface>
            <name>IAudioDump</name>
            <instance>default</instance>
        </interface>
    </hal>
    <hal format="hidl" optional="true">
        <name>vendor.samsung_slsi.hardware.bluetooth.audio</name>
        <version>2.0</version>
        <interface>
            <name>IBluetoothAudioProvidersFactory</name>
            <instance>default</instance>
        </interface>
    </hal>
    <hal format="hidl" optional="true">
        <name>vendor.samsung_slsi.hardware.configstore</name>
        <version>1.0</version>
        <interface>
            <name>IExynosHWCConfigs</name>
            <instance>default</instance>
        </interface>
    </hal>
    <hal format="hidl" optional="true">
        <name>vendor.samsung_slsi.hardware.eden_runtime</name>
        <version>1.0</version>
        <interface>
            <name>IEdenruntime</name>
            <instance>default</instance>
        </interface>
    </hal>
    <hal format="hidl" optional="true">
        <name>vendor.samsung_slsi.hardware.enn</name>
        <version>1.0</version>
        <interface>
            <name>IEnnInterface</name>
            <instance>default</instance>
        </interface>
    </hal>
    <hal format="aidl" optional="true">
        <name>vendor.samsung_slsi.hardware.enn_aidl</name>
        <interface>
            <name>IEnnInterfaceAidl</name>
            <instance>default</instance>
        </interface>
    </hal>
    <hal format="hidl" optional="true">
        <name>vendor.samsung_slsi.hardware.enn_aux</name>
        <version>1.0</version>
        <interface>
            <name>IENN_AUX</name>
            <instance>default</instance>
        </interface>
    </hal>
    <hal format="aidl" optional="true">
        <name>vendor.samsung_slsi.hardware.epic</name>
        <interface>
            <name>IEpicRequest</name>
            <instance>default</instance>
        </interface>
    </hal>
    <hal format="aidl" optional="true">
        <name>vendor.samsung_slsi.hardware.epic</name>
        <interface>
            <name>IEpicRequest</name>
            <instance>default</instance>
        </interface>
    </hal>
    <hal format="hidl" optional="true">
        <name>vendor.samsung_slsi.hardware.geoTransService</name>
        <version>1.0</version>
        <interface>
            <name>IGeoTransService</name>
            <instance>default</instance>
        </interface>
    </hal>
    <hal format="hidl" optional="true">
        <name>vendor.samsung_slsi.hardware.gpu_boost</name>
        <version>1.0</version>
        <interface>
            <name>IGPUBoost</name>
            <instance>default</instance>
        </interface>
    </hal>
    <hal format="hidl" optional="true">
        <name>vendor.samsung_slsi.hardware.memlogservice</name>
        <version>1.0</version>
        <interface>
            <name>IMemlogService</name>
            <instance>memlog</instance>
        </interface>
    </hal>
    <hal format="hidl" optional="true">
        <name>vendor.samsung_slsi.hardware.ofi</name>
        <version>1.0</version>
        <version>2.1</version>
        <interface>
            <name>IOfiService</name>
            <instance>default</instance>
        </interface>
    </hal>
    <hal format="hidl" optional="true">
        <name>vendor.samsung_slsi.hardware.wifi.hostapd</name>
        <version>1.0</version>
        <interface>
            <name>IHostapdVendor</name>
            <instance>default</instance>
        </interface>
    </hal>
    <hal format="hidl" optional="true">
        <name>vendor.samsung_slsi.hardware.wifi.supplicant</name>
        <version>1.0</version>
        <interface>
            <name>ISupplicantVendor</name>
            <instance>default</instance>
        </interface>
    </hal>
    <hal format="hidl" optional="true">
        <name>vendor.samsung_slsi.telephony.hardware.oemservice</name>
        <version>1.0</version>
        <interface>
            <name>IOemService</name>
            <instance>dm0</instance>
        </interface>
    </hal>
    <hal format="hidl" optional="true">
        <name>vendor.samsung_slsi.telephony.hardware.oemservice</name>
        <version>1.0</version>
        <interface>
            <name>IOemService</name>
            <instance>dm1</instance>
        </interface>
    </hal>
    <hal format="hidl" optional="true">
        <name>vendor.samsung_slsi.telephony.hardware.oemservice</name>
        <version>1.0</version>
        <interface>
            <name>IOemService</name>
            <instance>sced0</instance>
        </interface>
    </hal>
    <hal format="hidl" optional="true">
        <name>vendor.samsung_slsi.telephony.hardware.radio</name>
        <version>1.1</version>
        <interface>
            <name>IOemSamsungslsi</name>
            <instance>slot1</instance>
        </interface>
    </hal>
    <hal format="hidl" optional="true">
        <name>vendor.samsung_slsi.telephony.hardware.radio</name>
        <version>1.1</version>
        <interface>
            <name>IOemSamsungslsi</name>
            <instance>slot2</instance>
        </interface>
    </hal>
    <hal format="hidl" optional="true">
        <name>vendor.samsung_slsi.telephony.hardware.radio</name>
        <version>1.2</version>
        <interface>
            <name>IOemSamsungslsi</name>
            <instance>slot1</instance>
        </interface>
    </hal>
    <hal format="hidl" optional="true">
        <name>vendor.samsung_slsi.telephony.hardware.radio</name>
        <version>1.2</version>
        <interface>
            <name>IOemSamsungslsi</name>
            <instance>slot2</instance>
        </interface>
    </hal>
    <hal format="hidl" optional="true">
        <name>vendor.samsung_slsi.telephony.hardware.radioExternal</name>
        <version>1.1</version>
        <interface>
            <name>IOemSlsiRadioExternal</name>
            <instance>rilExternal</instance>
        </interface>
    </hal>
    <hal format="hidl" optional="true">
        <name>vendor.trustonic.tee</name>
        <version>1.1</version>
        <interface>
            <name>ITee</name>
            <instance>default</instance>
        </interface>
    </hal>
    <hal format="hidl" optional="true">
        <name>vendor.trustonic.tee.tui</name>
        <version>1.0</version>
        <interface>
            <name>ITui</name>
            <instance>default</instance>
        </interface>
    </hal>
    <sepolicy>
        <kernel-sepolicy-version>30</kernel-sepolicy-version>
        <sepolicy-version>29.0</sepolicy-version>
        <sepolicy-version>30.0</sepolicy-version>
        <sepolicy-version>31.0</sepolicy-version>
        <sepolicy-version>32.0</sepolicy-version>
        <sepolicy-version>33.0</sepolicy-version>
        <sepolicy-version>34.0</sepolicy-version>
    </sepolicy>
    <avb>
        <vbmeta-version>1.0</vbmeta-version>
    </avb>
</compatibility-matrix>
